Top pages,Clicks,Impressions,CTR,Position
https://slot-picks.com/,9,100,9%,2.11
https://slot-picks.com/best-slot-sites-uk-your-ultimate-guide-to-online-slots-in-2025/,1,212,0.47%,74.39
https://slot-picks.com/choose-the-best-online-slot-game-a-guide/,0,94,0%,34.9
https://slot-picks.com/sites/topratedslots/,0,85,0%,11.04
https://slot-picks.com/new-limits-on-online-slot-stakes-to-tackle-gambling-harm/,0,85,0%,15.44
https://slot-picks.com/frequently-asked-questions-faqs/,0,67,0%,7.66
https://slot-picks.com/sites/newslots/,0,62,0%,44.1
https://slot-picks.com/sites/topratedcasinos/,0,57,0%,25.72
https://slot-picks.com/sites/newcasinos/,0,53,0%,11.77
https://slot-picks.com/news/,0,51,0%,3.78
https://slot-picks.com/sites/casinos/,0,50,0%,5.56
https://slot-picks.com/sites/slots/,0,48,0%,4.77
https://slot-picks.com/games/book-of-dead/,0,45,0%,87.82
https://slot-picks.com/games/gonzos-quest/,0,33,0%,63.82
https://slot-picks.com/reviews/neptune-play/,0,32,0%,87.41
https://slot-picks.com/privacy-policy/,0,26,0%,9
https://slot-picks.com/reviews/coral/,0,22,0%,84.18
https://slot-picks.com/reviews/dream-vegas/,0,22,0%,89.64
https://slot-picks.com/games/starburst/,0,20,0%,88.25
https://slot-picks.com/reviews/ny-spins/,0,9,0%,54.22
https://slot-picks.com/reviews/wink-slots/,0,8,0%,60.75
https://slot-picks.com/reviews/amazon-slots/,0,6,0%,54.17
https://slot-picks.com/reviews/casino-kings/,0,6,0%,68.33
https://slot-picks.com/reviews/sun-play/,0,6,0%,74.67
https://slot-picks.com/strategy/slot-volatility/,0,2,0%,83.5
https://slot-picks.com/reviews/all-british-casino/,0,1,0%,77